year,total_citations,high_confidence_citations,unique_datasets
2001,6,1,2
2002,7,3,3
2003,5,3,3
2004,13,6,5
2005,19,10,7
2006,48,26,9
2007,58,33,9
2008,64,43,12
2009,61,46,14
2010,133,101,23
2011,166,115,24
2012,214,165,32
2013,295,219,39
2014,362,258,43
2015,474,287,58
2016,528,347,66
2017,721,467,95
2018,1440,1108,221
2019,2561,2025,235
2020,3223,2603,253
2021,6705,5289,283
2022,8526,7110,292
2023,5310,4128,317
2024,7250,5572,355
2025,7778,6044,389
2026,3257,2971,398
