dataset1,dataset2,co_citation_count
on007753,on007763,244
nm000224,nm000257,241
nm000252,nm000257,240
nm000224,nm000252,239
nm000224,nm000261,222
nm000252,nm000261,222
nm000257,nm000261,222
nm000169,nm000188,214
nm000246,nm000348,179
nm000125,nm000201,175
nm000301,nm000340,174
nm000321,nm000340,173
nm000301,nm000313,172
nm000301,nm000321,172
nm000313,nm000340,172
nm000136,nm000265,171
nm000191,nm000301,171
nm000191,nm000340,171
nm000194,nm000212,171
nm000197,nm000351,171
nm000205,nm000340,171
nm000321,nm000351,171
nm000340,nm000351,171
nm000157,nm000191,170
nm000157,nm000197,170
nm000157,nm000351,170
nm000191,nm000197,170
nm000191,nm000313,170
nm000191,nm000321,170
nm000191,nm000351,170
nm000205,nm000301,170
nm000205,nm000343,170
nm000301,nm000351,170
nm000313,nm000321,170
nm000340,nm000343,170
nm000136,nm000310,169
nm000157,nm000200,169
nm000157,nm000301,169
nm000157,nm000321,169
nm000157,nm000340,169
nm000205,nm000321,169
nm000224,nm000258,169
nm000252,nm000258,169
nm000257,nm000258,169
nm000269,nm000351,169
nm000301,nm000343,169
nm000313,nm000351,169
nm000157,nm000313,168
nm000191,nm000200,168
nm000191,nm000205,168
