dataset_id,high_conf_citations,low_conf_citations,total_citations
nm000275,449,186,635
on007763,411,180,591
nm000234,306,57,363
on002778,299,41,340
nm000188,296,68,364
on007753,285,179,464
nm000212,282,42,324
nm000180,278,51,329
nm000194,261,27,288
nm000257,260,28,288
nm000252,257,31,288
nm000224,256,32,288
nm000268,255,31,286
nm000273,251,31,282
nm000343,245,17,262
nm000115,245,31,276
nm000258,244,40,284
on003498,243,34,277
nm000168,243,45,288
nm000231,240,48,288
nm000263,239,48,287
nm000261,237,51,288
nm000143,237,51,288
nm000146,237,51,288
nm000140,234,53,287
nm000169,233,54,287
nm000339,231,21,252
nm000184,230,37,267
nm000210,228,36,264
nm000179,226,58,284
nm000123,225,62,287
nm000198,223,65,288
nm000239,221,104,325
nm000139,219,68,287
nm000172,215,72,287
on006104,215,22,237
nm000348,210,25,235
nm000245,209,81,290
nm000205,205,13,218
nm000122,201,44,245
on004346,198,34,232
nm000145,197,90,287
nm000121,195,38,233
nm000166,187,40,227
nm000125,186,36,222
nm000148,186,44,230
nm000201,185,37,222
on007615,184,192,376
nm000246,183,52,235
nm000130,183,36,219
nm000136,182,21,203
nm000262,179,25,204
nm000265,179,24,203
nm000170,179,30,209
nm000167,179,65,244
nm000219,178,40,218
nm000340,178,12,190
on003392,178,39,217
nm000207,177,17,194
nm000351,177,13,190
nm000301,177,13,190
nm000321,176,14,190
nm000237,176,28,204
on007169,176,37,213
nm000191,175,15,190
nm000209,174,38,212
nm000310,174,29,203
nm000313,174,16,190
on005406,174,14,188
nm000157,174,16,190
nm000197,173,17,190
nm000200,173,17,190
nm000259,172,46,218
on004107,172,28,200
nm000269,171,19,190
on007262,171,42,213
nm000142,171,29,200
on007454,170,18,188
nm000114,170,13,183
on004998,170,25,195
nm000218,169,21,190
on004395,169,19,188
on005555,169,14,183
nm000187,168,22,190
nm000240,168,75,243
nm000186,167,23,190
on007358,167,25,192
nm000247,165,25,190
on004473,165,22,187
on004278,165,16,181
on004541,165,23,188
on005857,165,23,188
on007895,165,23,188
on006126,165,23,188
nm000204,164,33,197
nm000341,164,45,209
nm000242,164,27,191
on008465,163,25,188
nm000189,163,31,194
on006386,163,25,188
nm000243,162,38,200
nm000329,162,38,200
on003029,162,32,194
on006035,162,19,181
nm000144,162,26,188
nm000208,161,36,197
nm000222,161,36,197
nm000235,161,42,203
on003739,161,8,169
on005307,161,27,188
nm000244,160,48,208
nm000174,160,29,189
on003876,160,20,180
nm000132,160,9,169
nm000202,159,32,191
nm000223,159,38,197
nm000181,159,29,188
on007058,159,29,188
nm000151,159,72,231
on004951,159,29,188
nm000287,157,32,189
on005620,157,31,188
nm000110,157,93,250
nm000213,156,41,197
on006629,156,27,183
on005241,156,25,181
nm000124,156,39,195
on004276,155,57,212
on007172,155,33,188
on005624,155,25,180
nm000131,155,36,191
on004012,154,30,184
on007338,154,35,189
on004993,154,26,180
on005261,153,28,181
nm000236,152,41,193
on006720,152,29,181
nm000227,151,52,203
nm000141,151,55,206
on006840,150,38,188
on005403,150,38,188
nm000221,149,39,188
on003922,149,61,210
on005515,147,40,187
on008701,146,42,188
on005594,145,43,188
on005506,145,42,187
on005507,145,42,187
on005505,144,43,187
on005540,143,56,199
on004229,142,46,188
nm000111,142,58,200
on005508,142,45,187
on003703,141,40,181
on005511,141,46,187
nm000128,140,52,192
on004324,139,49,188
on003004,138,41,179
on004100,132,48,180
nm000103,128,41,169
nm000190,127,24,151
nm000178,127,5,132
nm000152,125,76,201
on004122,120,34,154
on004123,119,35,154
nm000120,118,24,142
nm000199,117,41,158
on005494,115,65,180
on004121,114,35,149
on006036,114,5,119
on004120,113,36,149
on007523,110,33,143
on007524,109,34,143
nm000215,103,15,118
nm000323,100,2,102
nm000338,99,3,102
on004504,99,4,103
on002893,98,2,100
on004018,98,2,100
on005185,98,2,100
nm000126,98,2,100
nm000228,97,3,100
nm000129,97,3,100
nm000149,97,4,101
nm000267,95,5,100
on004362,95,5,100
on004348,95,5,100
nm000278,94,7,101
nm000173,94,6,100
nm000112,94,6,100
nm000225,92,9,101
on004212,92,8,100
on005207,92,2,94
nm000118,92,8,100
on004347,91,9,100
nm000185,90,16,106
on003474,90,14,104
on003645,90,24,114
nm000171,90,20,110
on005810,90,10,100
nm000109,88,12,100
nm000232,87,4,91
nm000311,86,8,94
on005811,86,20,106
nm000192,85,4,89
nm000158,85,5,90
on004010,84,11,95
on006839,84,16,100
on000117,83,17,100
on004117,83,17,100
nm000135,82,18,100
on002718,81,19,100
nm000137,80,20,100
on007056,80,12,92
on007052,79,13,92
on007069,79,13,92
on007870,77,3,80
nm000233,77,2,79
on007139,77,15,92
on003518,76,24,100
on004105,76,23,99
on007096,75,17,92
nm000196,73,7,80
on003626,73,1,74
nm000113,71,29,100
on003810,69,3,72
nm000214,68,4,72
nm000153,68,7,75
nm000206,66,8,74
on004106,65,24,89
on003352,64,117,181
on007137,64,28,92
on003506,60,40,100
on003838,58,5,63
on006142,58,3,61
on004532,57,43,100
on003519,55,45,100
on003509,55,45,100
on003846,55,33,88
nm000177,51,3,54
nm000229,50,1,51
on004080,50,23,73
on004350,50,8,58
on008257,47,10,57
nm000254,43,3,46
nm000250,43,1,44
on003570,42,9,51
nm000119,40,5,45
nm000216,39,6,45
on004460,39,12,51
on004315,38,62,100
on003516,37,15,52
on002885,36,1,37
ds004944,36,3,39
on004015,36,1,37
on004475,35,2,37
on004817,35,4,39
on004902,35,2,37
on003688,34,9,43
on003638,34,12,46
on005385,34,8,42
on004796,34,0,34
on006563,32,3,35
on004816,32,7,39
on003620,30,5,35
on005048,30,1,31
on003690,29,9,38
nm000195,28,12,40
nm000270,28,0,28
on004745,27,1,28
on004148,26,0,26
on004357,26,2,28
on004505,26,2,28
on004577,26,7,33
on004784,26,0,26
nm000249,25,4,29
on003374,25,3,28
on005752,25,14,39
on003522,24,1,25
nm000342,23,2,25
on003655,23,1,24
on004952,23,1,24
nm000346,22,3,25
nm000344,22,3,25
nm000345,22,3,25
on003039,22,44,66
nm000163,22,3,25
on004635,21,0,21
on003517,20,5,25
on004356,20,1,21
on003490,19,1,20
on006269,19,3,22
on005509,19,0,19
on005510,18,1,19
on005512,18,1,19
on005514,18,1,19
nm000251,17,0,17
on003505,17,3,20
on004151,17,0,17
on005398,16,0,16
on005516,16,6,22
on004883,16,4,20
on003885,15,2,17
on002761,14,1,15
on003478,14,2,16
on004457,14,0,14
on004977,14,0,14
on006012,13,1,14
nm000161,13,1,14
on005121,12,0,12
on003710,12,2,14
nm000193,11,0,11
on004563,11,1,12
on004621,11,2,13
on006525,11,8,19
on005779,11,0,11
on005571,10,10,20
on005087,10,1,11
on005169,10,0,10
nm000217,9,2,11
ds005234,9,0,9
on004579,9,0,9
on004642,9,0,9
on004837,9,0,9
on004444,8,1,9
on004446,8,1,9
on004447,8,1,9
on004448,8,1,9
on004580,8,1,9
on004584,8,1,9
on006334,8,0,8
on006171,8,0,8
on005106,8,0,8
on002181,7,1,8
on003061,7,0,7
on005340,7,0,7
nm000276,6,0,6
nm000347,6,0,6
on006761,6,1,7
on006018,6,0,6
on005408,6,0,6
on007609,6,1,7
nm000133,6,0,6
nm000160,6,4,10
on003766,5,3,8
on004381,5,0,5
on004706,5,0,5
nm000211,4,0,4
nm000271,4,1,5
on003702,4,0,4
ds004186,4,1,5
nm000162,4,0,4
nm000127,4,0,4
nm000147,4,0,4
on007176,4,0,4
nm000230,3,0,3
nm000260,3,0,3
nm000264,3,0,3
on003708,3,0,3
on004147,3,2,5
on006802,3,0,3
on004554,3,2,5
on007602,3,0,3
on007648,3,1,4
on007808,3,0,3
on004819,3,0,3
nm000203,2,0,2
nm000248,2,0,2
nm000266,2,0,2
nm000274,2,0,2
nm000303,2,0,2
nm000336,2,0,2
nm000220,2,0,2
nm000277,2,0,2
nm000326,2,0,2
on003190,2,2,4
on003574,2,0,2
on003195,2,0,2
nm000176,2,0,2
on003694,2,4,6
ds005662,2,0,2
on004127,2,0,2
on004398,2,1,3
on006480,2,1,3
on006576,2,0,2
on005346,2,0,2
on005545,2,0,2
on007526,2,0,2
on007663,2,2,4
on006466,2,0,2
on007964,2,0,2
on005034,2,0,2
on003104,1,0,1
ds004771,1,0,1
on003670,1,0,1
on003343,1,0,1
on003421,1,1,2
on003753,1,0,1
on007314,1,0,1
on002814,1,0,1
on003082,1,0,1
on004166,1,0,1
nm000104,1,0,1
on004043,1,0,1
ds006234,1,0,1
on004019,1,0,1
on004067,1,0,1
on006921,1,0,1
on006434,1,0,1
on004514,1,0,1
on004519,1,0,1
on006468,1,0,1
on005273,1,0,1
on005648,1,0,1
on005383,1,0,1
on005872,1,0,1
on007406,1,0,1
on007427,1,0,1
on007537,1,1,2
on007591,1,0,1
on007721,1,0,1
on008082,1,0,1
ds005697,1,0,1
nm000134,1,0,1
on005642,1,0,1
on007823,1,0,1
on005028,1,0,1
.mention_state,0,0,0
nm000279,0,0,0
on008768,0,0,0
nm000280,0,0,0
nm000284,0,0,0
on008446,0,0,0
on008862,0,0,0
on008496,0,1,1
on008610,0,0,0
nm000182,0,53,53
on008711,0,0,0
nm000183,0,54,54
on000246,0,200,200
on001810,0,154,154
on002094,0,0,0
ds004284,0,0,0
on000247,0,187,187
on001849,0,47,47
on002158,0,68,68
ds004330,0,0,0
nm000238,0,2,2
nm000241,0,0,0
nm000255,0,0,0
on000248,0,137,137
on001971,0,0,0
nm000253,0,1,1
nm000256,0,0,0
nm000272,0,0,0
on001785,0,0,0
on002001,0,0,0
on002218,0,0,0
on001787,0,0,0
on002034,0,15,15
on002312,0,0,0
on002833,0,0,0
on003568,0,0,0
ds004770,0,0,0
on002336,0,81,81
on002338,0,76,76
on002550,0,0,0
on002578,0,0,0
on002680,0,0,0
on002691,0,0,0
on002712,0,0,0
on002720,0,0,0
on002721,0,260,260
on002722,0,55,55
on002724,0,132,132
on002791,0,0,0
on003380,0,0,0
on003194,0,0,0
on003483,0,0,0
on003420,0,0,0
on003602,0,0,0
on003682,0,0,0
on007216,0,0,0
on003751,0,0,0
on007221,0,0,0
on002723,0,115,115
on002799,0,0,0
on003078,0,0,0
on003523,0,0,0
on007222,0,0,0
ds005363,0,0,0
on003633,0,0,0
on003768,0,0,0
on002725,0,72,72
on002908,0,0,0
on003458,0,0,0
on003555,0,0,0
on003774,0,0,0
on007322,0,0,0
on003775,0,0,0
on004200,0,0,0
on004252,0,0,0
on004306,0,0,0
on004370,0,0,0
on004477,0,0,0
on004388,0,0,0
on004483,0,0,0
ds005841,0,0,0
on003848,0,100,100
on003947,0,0,0
on004000,0,0,0
on004011,0,0,0
on004022,0,0,0
on004033,0,0,0
on004075,0,0,0
on004118,0,0,0
on004194,0,0,0
on004256,0,0,0
on004367,0,0,0
on004389,0,0,0
on004502,0,0,0
on003800,0,0,0
on003801,0,0,0
on003805,0,0,0
on003822,0,0,0
on003825,0,0,0
on003844,0,0,0
on003887,0,0,0
on003944,0,0,0
on003969,0,0,0
on004017,0,0,0
on004024,0,0,0
on004040,0,0,0
on004078,0,0,0
on004119,0,0,0
on004152,0,0,0
on004196,0,0,0
on004262,0,0,0
on004279,0,0,0
on004317,0,0,0
on004368,0,0,0
on004264,0,0,0
on004295,0,0,0
on004369,0,0,0
on004408,0,0,0
on007081,0,0,0
on007119,0,0,0
ds007630,0,0,0
ds006945,0,0,0
on006897,0,0,0
on006979,0,0,0
on007020,0,0,0
on007095,0,0,0
on007120,0,0,0
ds005407,0,0,0
on006260,0,0,0
on006317,0,0,0
on006366,0,0,0
on006374,0,0,0
on006392,0,0,0
on006465,0,0,0
on006519,0,0,0
on006547,0,0,0
on006593,0,0,0
on006647,0,0,0
on006695,0,0,0
on006735,0,1,1
on006768,0,0,0
on006817,0,0,0
on006850,0,0,0
on006866,0,0,0
on006910,0,0,0
on006923,0,0,0
on007006,0,0,0
on007028,0,0,0
on007114,0,0,0
on007162,0,0,0
ds007521,0,0,0
ds006940,0,0,0
on004511,0,0,0
on004515,0,0,0
on004517,0,0,0
on004520,0,0,0
on004521,0,0,0
on004551,0,0,0
on004561,0,0,0
on004572,0,0,0
on004574,0,0,0
on004587,0,0,0
on004588,0,0,0
on004595,0,0,0
on004598,0,0,0
on004602,0,0,0
on004603,0,0,0
on004624,0,0,0
on004625,0,0,0
on004626,0,0,0
on004657,0,0,0
on004660,0,0,0
on004661,0,0,0
on006253,0,0,0
on006370,0,0,0
on006394,0,0,0
on006437,0,0,0
on006502,0,0,0
on006554,0,0,0
on006648,0,0,0
on006801,0,0,0
on006803,0,0,0
on006848,0,0,0
on006861,0,0,0
on006890,0,0,0
on006914,0,0,0
on006963,0,0,0
on007012,0,0,0
on007118,0,0,0
on005178,0,0,0
on005189,0,0,0
on005262,0,0,0
on005274,0,0,0
on005279,0,0,0
on005289,0,9,9
on005293,0,0,0
on005296,0,0,0
on005305,0,0,0
on005343,0,0,0
on005397,0,0,0
on005411,0,0,0
on005420,0,0,0
on005429,0,0,0
on005448,0,0,0
on005486,0,0,0
on005489,0,0,0
on005491,0,0,0
on005520,0,0,0
on005522,0,0,0
on005523,0,0,0
on005530,0,0,0
on005558,0,0,0
on005574,0,0,0
on005628,0,0,0
on005670,0,0,0
on005672,0,0,0
on005688,0,0,0
on005691,0,0,0
on005692,0,0,0
on005866,0,0,0
on005876,0,0,0
on005946,0,0,0
on006065,0,0,0
on006136,0,0,0
on007175,0,0,0
on007180,0,0,0
on007181,0,0,0
on007315,0,0,0
on006033,0,0,0
on006095,0,0,0
on006159,0,188,188
on005342,0,31,31
on005356,0,0,0
on005415,0,0,0
on005565,0,0,0
on005586,0,0,0
on005815,0,0,0
on005868,0,0,0
on005907,0,0,0
on005953,0,0,0
ds004582,0,1,1
on005410,0,0,0
on005416,0,0,0
on005557,0,0,0
on005795,0,0,0
on005931,0,0,0
on005960,0,0,0
on006107,0,0,0
on006222,0,0,0
ds003987,0,0,0
on005863,0,0,0
on005873,0,0,0
on005932,0,0,0
on006040,0,0,0
on006110,0,8,8
on006233,0,0,0
on007347,0,0,0
on007353,0,0,0
on007431,0,0,0
on007471,0,0,0
on007509,0,0,0
on007554,0,0,0
on007558,0,0,0
on007605,0,0,0
on007629,0,0,0
on007640,0,0,0
on007647,0,0,0
on007655,0,0,0
on007666,0,0,0
on007667,0,0,0
on007688,0,0,0
on007720,0,0,0
on007788,0,0,0
on007813,0,0,0
on007822,0,0,0
on007827,0,0,0
on007864,0,0,0
on007865,0,0,0
on007949,0,0,0
on007968,0,0,0
on007987,0,0,0
on008017,0,0,0
on008062,0,0,0
on008065,0,0,0
on008083,0,0,0
on008092,0,0,0
nm000138,0,0,0
nm000154,0,0,0
nm000156,0,0,0
on005280,0,0,0
on005284,0,0,0
on005285,0,0,0
on005286,0,0,0
on005291,0,0,0
on005292,0,0,0
on005345,0,0,0
on005473,0,0,0
on006367,0,0,0
on006446,0,0,0
on007955,0,0,0
on004696,0,0,0
on004703,0,0,0
on004718,0,0,0
on004738,0,0,0
on004752,0,0,0
on004774,0,0,0
on004785,0,0,0
on004789,0,0,0
on004802,0,0,0
on004809,0,0,0
on004840,0,0,0
on004841,0,0,0
on004842,0,0,0
on004843,0,0,0
on004844,0,0,0
on004849,0,0,0
on004850,0,0,0
on004851,0,0,0
on004852,0,0,0
on004853,0,0,0
on004854,0,0,0
on004855,0,0,0
on004859,0,0,0
on004860,0,0,0
on004865,0,0,0
on004917,0,0,0
on004942,0,0,0
on004980,0,0,0
on004995,0,0,0
on005007,0,0,0
on005021,0,0,0
on005059,0,0,0
on005065,0,0,0
on005079,0,0,0
on005083,0,0,0
on005089,0,0,0
on005095,0,0,0
on005107,0,0,0
on005114,0,0,0
on005127,0,0,0
on005131,0,0,0
on005170,0,0,0
