title,datasets,confidence
Brain4FMs: A Benchmark of Foundation Models for Electrical Brain Signal,nm000276,0.6216355499625207
iMINDBench: iEEG Multi-Institution Neural Decoding Benchmark,nm000276,0.7293048512935639
MIL-O-PD: a two-stage multiple instance learning and heuristic optimization framework for unpaired multimodal Parkinson's diagnosis,on003490,0.5967681562900544
A Negative-Control Protocol for Clinical EEG Foundation-Model Benchmarks: Dataset Identity and External-Cohort Stress Testing,on003490,0.6346550005674363
Adaptive episodic memory: how multiple memory representations drive behavior in humans and nonhumans,on005121,0.49000462710857395
NeuralBench: A Unifying Framework to Benchmark NeuroAI Models,nm000192,0.5686660538613797
BCI SOFTWARE TOOLS AND DATASETS: A SHORT SURVEY,nm000192,0.5209751129150391
Introducing Rhythmic Sinusoidal Amplitude-Modulated Auditory Stimuli with Multiple Message Frequency Coding for Fatigue Reduction in Normal Subjects: An EEG Study,nm000192,0.6537777662277222
NeuralBench: A Unifying Framework to Benchmark NeuroAI Models,nm000206,0.6488045150041581
NeuroIDBench: An open-source benchmark framework for the standardization of methodology in brainwave-based authentication research,nm000206,0.5201409132778645
OmniEEG-Bench: A Standardized Evaluation Benchmark for EEG Foundation Models,nm000206,0.6720807319879533
BrainBench: Benchmarking Large Language Models for Comprehensive EEG Understanding,nm000206,0.6159197607636453
NeuralBench: A Unifying Framework to Benchmark NeuroAI Models,nm000193,0.6204594987630845
Four-class ASME BCI: investigation of the feasibility and comparison of two strategies for multiclassing,nm000193,0.6925042176246644
"Comparison of tactile, auditory, and visual modality for brain-computer interface use: a case study with a patient in the locked-in state",nm000190,0.5172782242298126
"Comparison of eye tracking, electrooculography and an auditory brain-computer interface for binary communication: a case study with a participant in the locked-in state",nm000190,0.4635267019271851
A Novel Single-Character Visual BCI Paradigm With Multiple Active Cognitive Tasks,nm000190,0.6157576084136963
Modulation of anticipatory postural activity for multiple conditions of a whole-body pointing task,nm000190,0.4318409860134125
NeuralBench: A Unifying Framework to Benchmark NeuroAI Models,nm000190,0.5748494616150857
Electroencephalogram-based brain-computer interface for the Chinese spelling system: a survey,nm000190,0.5351554036140442
An auditory brain-computer interface based on selective attention to multiple tone streams,nm000190,0.5968711459636689
Simultaneous multiple-stimulus auditory brain–computer interface with semi-supervised learning and prior probability distribution tuning,nm000190,0.5015963007509708
"Comparison of tactile, auditory, and visual modality for brain-computer interface use: a case study with a patient in the locked-in state",nm000194,0.5126685380935669
Language-Model Assisted Brain Computer Interface for Typing: A Comparison of Matrix and Rapid Serial Visual Presentation,nm000194,0.6618098855018616
A survey of the dummy face and human face stimuli used in BCI paradigm,nm000194,0.5553423166275024
A Novel Single-Character Visual BCI Paradigm With Multiple Active Cognitive Tasks,nm000194,0.6164510250091553
NeuralBench: A Unifying Framework to Benchmark NeuroAI Models,nm000194,0.6092880794405938
"Comparison between Single, Dual and Triple Rapid Serial Visual Presentation Paradigms for P300 Speller",nm000194,0.7312328457832337
The effects of layer-wise relevance propagation-based feature selection for EEG classification: a comparative study on multiple datasets,nm000209,0.6116426602005959
A Novel Hybrid Brain–Computer Interface Integrating Motor Imagery and Multiple Visual Stimuli,nm000209,0.6892840003967287
NeuralBench: A Unifying Framework to Benchmark NeuroAI Models,nm000212,0.5854927146434785
The largest EEG-based BCI reproducibility study for open science: the MOABB benchmark,nm000214,0.5461932733654976
NeuralBench: A Unifying Framework to Benchmark NeuroAI Models,nm000214,0.5342349055409432
Four-class ASME BCI: investigation of the feasibility and comparison of two strategies for multiclassing,nm000214,0.45812994271516805
NeuralBench: A Unifying Framework to Benchmark NeuroAI Models,nm000215,0.5665656083822251
NeuroIDBench: An open-source benchmark framework for the standardization of methodology in brainwave-based authentication research,nm000215,0.50028645247221
Montreal Archive of Sleep Studies: an open‐access resource for instrument benchmarking and exploratory research,nm000185,0.7282279968261719
A Survey on Recent Advances in Machine Learning Based Sleep Apnea Detection Systems,nm000185,0.4801880452036858
Deep learning for processing electromyographic signals: A taxonomy-based survey,nm000185,0.4186195090413094
NeuralBench: A Unifying Framework to Benchmark NeuroAI Models,nm000185,0.49464577138423926
The largest EEG-based BCI reproducibility study for open science: the MOABB benchmark,nm000188,0.5919905644655228
On the Use of Machine Learning for EEG-Based Workload Assessment: Algorithms Comparison in a Realistic Task,nm000188,0.410534143447876
Antismoking Campaigns’ Perception and Gender Differences: A Comparison among EEG Indices,nm000188,0.41557041406631473
A Comparison of Classification Techniques to Predict Brain-Computer Interfaces Accuracy Using Classifier-Based Latency Estimation,nm000188,0.5727265387773514
NeuralBench: A Unifying Framework to Benchmark NeuroAI Models,nm000188,0.5620823219418526
Data alignment based adversarial defense benchmark for EEG-based BCIs,nm000188,0.5151261216402054
Benchmarking brain–computer interface algorithms: Riemannian approaches vs convolutional neural networks,nm000188,0.5101235152781011
SpeechBrain-MOABB: An open-source Python library for benchmarking deep neural networks applied to EEG signals,nm000188,0.481196118593216
Comparison Analysis of Overt and Covert Mental Stimuli of Brain Signal for Person Identification,nm000188,0.4885878562927246
A comparison between geometric properties and central moments to detect P300 waves,nm000188,0.5741395950317383
The largest EEG-based BCI reproducibility study for open science: the MOABB benchmark,nm000195,0.5751838338375092
Protecting Multiple Types of Privacy Simultaneously in EEG-Based Brain-Computer Interfaces,nm000195,0.4857053589820862
Neural Coding of Multiple Linguistic Components During Reading Comprehension Across Development,on007870,0.5065849319100381
NeuroIDBench: An open-source benchmark framework for the standardization of methodology in brainwave-based authentication research,nm000210,0.4885247357189656
SpeechBrain-MOABB: An open-source Python library for benchmarking deep neural networks applied to EEG signals,nm000210,0.5090572004020214
Advancing Autism Spectrum Disorder Diagnosis With Multimodal Data: A Survey,nm000210,0.4926524461805821
Comparison of Deep Learning and Traditional Machine Learning Classification Performance in a SSVEP Based Brain Computer Interface,nm000210,0.45367674082517634
A Systematic Comparison of Deep Learning Models for Single-Trial P300 Detection in Autism Spectrum Disorder,nm000210,0.8413862550258637
The largest EEG-based BCI reproducibility study for open science: the MOABB benchmark,nm000196,0.5499724298715591
Unsupervised Learning for Brain-Computer Interfaces Based on Event-Related Potentials: Review and Online Comparison [Research Frontier],nm000196,0.4154928505420685
NeuralBench: A Unifying Framework to Benchmark NeuroAI Models,nm000196,0.5418097409605981
P300 speller BCI with a mobile EEG system: comparison to a traditional amplifier,nm000198,0.6420599043369294
A comparison of classification techniques for a gaze-independent P300-based brain–computer interface,nm000198,0.6094452619552613
Language-Model Assisted Brain Computer Interface for Typing: A Comparison of Matrix and Rapid Serial Visual Presentation,nm000198,0.5724718511104584
A survey of the dummy face and human face stimuli used in BCI paradigm,nm000198,0.5116513967514038
The largest EEG-based BCI reproducibility study for open science: the MOABB benchmark,nm000199,0.5420142057538033
Unsupervised Learning for Brain-Computer Interfaces Based on Event-Related Potentials: Review and Online Comparison [Research Frontier],nm000199,0.5662231683731079
NeuralBench: A Unifying Framework to Benchmark NeuroAI Models,nm000199,0.5498430731892587
NeuroIDBench: An open-source benchmark framework for the standardization of methodology in brainwave-based authentication research,nm000199,0.41984129413962373
A Survey on Brain-Computer Interface-Inspired Communications: Opportunities and Challenges,nm000205,0.48612606078386317
EEGdenoiseNet: a benchmark dataset for deep learning solutions of EEG denoising,nm000245,0.47801851540803914
MOABB: trustworthy algorithm benchmarking for BCIs,nm000245,0.4978329241275788
Classification of multiple motor imagery using deep convolutional neural networks and spatial filters,nm000245,0.5862243175506592
Multimodal signal dataset for 11 intuitive movement tasks from single upper extremity during multiple recording sessions,nm000245,0.6658041447401047
A Benchmark Dataset for RSVP-Based Brain–Computer Interfaces,nm000245,0.6673737734556199
Comparison of subject-independent and subject-specific EEG-based BCI using LDA and SVM classifiers,nm000245,0.5168794557452202
"Notice of Removal March 3, 2026: Domain Adaptation and Generalization of Functional Medical Data: A Systematic Survey of Brain Data",nm000245,0.4161568316817284
"A retrospective public external benchmark of healthy-to-stroke lower-limb EEG transport highlights source construction, adaptation burden, and confound sensitivity",nm000270,0.8053274774551392
Benchmarking brain–computer interface algorithms: Riemannian approaches vs convolutional neural networks,nm000274,0.6071573084592821
A Comparison of Mobile VR Display Running on an Ordinary Smartphone With Standard PC Display for P300-BCI Stimulus Presentation,nm000341,0.4869773089885712
EEGdenoiseNet: a benchmark dataset for deep learning solutions of EEG denoising,nm000216,0.46700151175260546
The largest EEG-based BCI reproducibility study for open science: the MOABB benchmark,nm000216,0.5880714493989946
A Critical Survey of EEG-Based BCI Systems for Applications in Industrial Internet of Things,nm000216,0.4476572835445405
NeuralBench: A Unifying Framework to Benchmark NeuroAI Models,nm000216,0.531190514266491
NeuroIDBench: An open-source benchmark framework for the standardization of methodology in brainwave-based authentication research,nm000216,0.47535623922944076
Benchmarking brain–computer interface algorithms: Riemannian approaches vs convolutional neural networks,nm000216,0.49615839779376986
SpeechBrain-MOABB: An open-source Python library for benchmarking deep neural networks applied to EEG signals,nm000216,0.4935762897133828
The largest EEG-based BCI reproducibility study for open science: the MOABB benchmark,nm000217,0.5769358974695206
NeuroIDBench: An open-source benchmark framework for the standardization of methodology in brainwave-based authentication research,nm000217,0.475061004459858
NeuralBench: A Unifying Framework to Benchmark NeuroAI Models,nm000219,0.515086054801941
Speech Imagery Decoding Using EEG Signals and Deep Learning: A Survey,nm000224,0.7926552039384842
Large Language Models for EEG: A Comprehensive Survey and Taxonomy,nm000224,0.7040045017004014
Self-supervised Learning for Electroencephalogram: A Systematic Survey,nm000225,0.49863028764724737
Applications of Self-Supervised Learning to Biomedical Signals: A Survey,nm000225,0.4489231064915658
"Dimensionality reduction for EEG-based sleep stage detection: comparison of autoencoders, principal component analysis and factor analysis",nm000225,0.6440643051266671
NeuralBench: A Unifying Framework to Benchmark NeuroAI Models,nm000225,0.5113357780873776
Comparison of deep transfer learning algorithms and transferability measures for wearable sleep staging,nm000225,0.5530948206782341
Benchmarking operational spatial plausibility and temporal compatibility of EEG inverse solutions in the visual P300 network,nm000227,0.5419466078281403
"Multiple predictions during language comprehension: Friends, foes, or indifferent companions?",nm000228,0.5947569662332536
Deep Neural Networks and Brain Alignment: Brain Encoding and Decoding (Survey),nm000229,0.4976366025209427
